<project xmlns="http://maven.apache.org/POM/4.0.0" xmlns:xsi="http://www.w3.org/2001/XMLSchema-instance" xsi:schemaLocation="http://maven.apache.org/POM/4.0.0 https://maven.apache.org/xsd/maven-4.0.0.xsd">
  <modelVersion>4.0.0</modelVersion>
  <groupId>UsingJUnit</groupId>
  <artifactId>UsingJUnit</artifactId>
  <version>0.0.1-SNAPSHOT</version>
 <dependencies>
    <!-- JUnit Jupiter Engine -->
    <dependency>
        <groupId>org.junit.jupiter</groupId>
        <artifactId>junit-jupiter-engine</artifactId>
        <version>5.8.1</version>
        <scope>test</scope>
    </dependency>

    <!-- JUnit Platform Runner -->
    <dependency>
        <groupId>org.junit.platform</groupId>
        <artifactId>junit-platform-runner</artifactId>
        <version>1.8.1</version>
        <scope>test</scope>
    </dependency>
</dependencies>

</project>